<?xml version="1.0" encoding="ISO-8859-1"?>

<?S100lineage source="S52Preslib4.0" format="S100Ed2" version="0.1" creationDate="2015-03-13"?>
<?S100Meta name="ARCSLN01" exposition="boundary of archipelagic sea lane"?>
<lineStyle>
   <intervalLength>8</intervalLength>
   <pen width="0.32">
      <color>CHMGF</color>
   </pen>
   <dash>
      <start>2</start>
      <length>6</length>
   </dash>
   <symbol reference="EMARCSL1">
      <position>5</position>
   </symbol>
</lineStyle>
