<?xml version="1.0" encoding="ISO-8859-1"?>

<?S100lineage source="S52Preslib4.0" format="S100Ed2" version="0.1" creationDate="2015-03-13"?>
<?S100Meta name="DWLDEF01" exposition="deep water route centreline, direction not defined in the data"?>
<lineStyle>
   <intervalLength>26</intervalLength>
   <pen width="0.32">
      <color>TRFCD</color>
   </pen>
   <dash>
      <start>8.7</start>
      <length>3.3</length>
   </dash>
   <dash>
      <start>22.8</start>
      <length>3.3</length>
   </dash>
   <symbol reference="EMDWRTC1">
      <position>14.7</position>
   </symbol>
   <symbol reference="EMQUESM1">
      <position>17.4</position>
   </symbol>
   <symbol reference="EMDWRTC2">
      <position>20.1</position>
   </symbol>
   <symbol reference="EMDWRUT2">
      <position>30.2</position>
   </symbol>
</lineStyle>
