<?xml version="1.0" encoding="ISO-8859-1"?>

<?S100lineage source="S52Preslib4.0" format="S100Ed2" version="0.1" creationDate="2015-03-13"?>
<?S100Meta name="DWRTCL08" exposition="one-way deep water route centreline, based on fixed-marks"?>
<lineStyle>
   <intervalLength>24.9</intervalLength>
   <pen width="0.32">
      <color>TRFCD</color>
   </pen>
   <dash>
      <start>9.9</start>
      <length>13.1</length>
   </dash>
   <symbol reference="EMDWRTC2">
      <position>16.4</position>
   </symbol>
   <symbol reference="EMDWRUT2">
      <position>28.1</position>
   </symbol>
</lineStyle>
