<?xml version="1.0" encoding="ISO-8859-1"?>

<?S100lineage source="S52Preslib4.0" format="S100Ed2" version="0.1" creationDate="2015-03-13"?>
<?S100Meta name="DWRTCL05" exposition="two-way deep water route centreline, not based on fixed marks"?>
<lineStyle>
   <intervalLength>29.8</intervalLength>
   <pen width="0.32">
      <color>TRFCD</color>
   </pen>
   <dash>
      <start>8.5</start>
      <length>4</length>
   </dash>
   <dash>
      <start>14.7</start>
      <length>4.1</length>
   </dash>
   <dash>
      <start>21.1</start>
      <length>4</length>
   </dash>
   <symbol reference="EMDWRTC1">
      <position>14.5</position>
   </symbol>
   <symbol reference="EMDWRTC2">
      <position>19.1</position>
   </symbol>
   <symbol reference="EMDWRUT2">
      <position>29.5</position>
   </symbol>
</lineStyle>
