<?xml version="1.0" encoding="ISO-8859-1"?>

<?S100lineage source="S52Preslib4.0" format="S100Ed2" version="0.1" creationDate="2015-03-13"?>
<?S100Meta name="DWRUTE51" exposition="boundary of a deep water route"?>
<lineStyle>
   <intervalLength>32.3</intervalLength>
   <pen width="0.32">
      <color>TRFCD</color>
   </pen>
   <dash>
      <start>2</start>
      <length>6</length>
   </dash>
   <dash>
      <start>18.2</start>
      <length>6</length>
   </dash>
   <dash>
      <start>26.2</start>
      <length>6</length>
   </dash>
   <symbol reference="EMAREMG1">
      <position>5</position>
   </symbol>
   <symbol reference="EMDWRUT1">
      <position>13.1</position>
   </symbol>
   <symbol reference="EMAREMG1">
      <position>21.2</position>
   </symbol>
   <symbol reference="EMAREMG1">
      <position>29.3</position>
   </symbol>
</lineStyle>
