<?xml version="1.0" encoding="ISO-8859-1"?>

<?S100lineage source="S52Preslib4.0" format="S100Ed2" version="0.1" creationDate="2015-03-13"?>
<?S100Meta name="NAVARE51" exposition="boundary of a navigation feature such as a fairway, magnetic anomaly, etc."?>
<lineStyle>
   <intervalLength>8.6</intervalLength>
   <pen width="0.32">
      <color>CHGRD</color>
   </pen>
   <dash>
      <start>1</start>
      <length>6</length>
   </dash>
   <symbol reference="EMAREGR1">
      <position>4</position>
   </symbol>
</lineStyle>
