<?xml version="1.0" encoding="ISO-8859-1" standalone="no"?>
<?S100lineage source="S52Preslib4.0" format="S100Ed2" version="0.1" creationDate="2015 - 03 - 13"?>
<?S100Meta name="RESARE51" exposition="boundary of a restricted area"?>
<lineStyle offset="0">
  <intervalLength>22.932</intervalLength>
  <pen width="0.32">
    <color>CHMGD</color>
  </pen>
  <dash>
    <start>0</start>
    <length>12.348</length>
  </dash>
  <symbol reference="NSA">
    <position>17.64</position>
  </symbol>
</lineStyle>