<?xml version="1.0" encoding="ISO-8859-1"?>

<?S100lineage source="S52Preslib4.0" format="S100Ed2" version="0.1" creationDate="2015-03-13"?>
<?S100Meta name="RCRTCL13" exposition="regulated two-way recommended route centreline, based on fixed-marks"?>
<lineStyle>
   <intervalLength>23.6</intervalLength>
   <pen width="0.32">
      <color>TRFCD</color>
   </pen>
   <dash>
      <start>0.5</start>
      <length>23</length>
   </dash>
   <symbol reference="EMRCRTC1">
      <position>5</position>
   </symbol>
   <symbol reference="EMRCRTC2">
      <position>11</position>
   </symbol>
</lineStyle>
