<?xml version="1.0" encoding="ISO-8859-1"?>

<?S100lineage source="S52Preslib4.0" format="S100Ed2" version="0.1" creationDate="2015-03-13"?>
<?S100Meta name="RECTRC12" exposition="non-regulated recommended one-way track, based on fixed marks"?>
<lineStyle>
   <intervalLength>17.7</intervalLength>
   <pen width="0.32">
      <color>CHGRD</color>
   </pen>
   <dash>
      <start>0.5</start>
      <length>17.1</length>
   </dash>
   <symbol reference="EMRECTR2">
      <position>11.7</position>
   </symbol>
</lineStyle>
