<?xml version="1.0" encoding="utf-8"?>
<S100FC:S100_FC_FeatureCatalogue 
  xmlns:S100FC="http://www.iho.int/S100FC/5.2" 
  xmlns:S100Base="http://www.iho.int/S100Base/5.0"
  xmlns:S100CI="http://www.iho.int/S100CI/5.0"
  xmlns:S100CD="http://www.iho.int/S100CD/5.0"
  xmlns:xlink="https://schemas.s100dev.net/schemas/S100/5.0.0/w3c/XML/2008/06/xlink.xsd"
  xmlns:xs="http://www.w3.org/2001/XMLSchema"
  xmlns:xsi="http://www.w3.org/2001/XMLSchema-instance"
  xsi:schemaLocation="http://www.iho.int/S100FC/5.2 https://schemas.s100dev.net/schemas/S100/5.2.0/S100FC/20231214/S100FC.xsd">

  <S100FC:name>Under Keel Clearance Management</S100FC:name>
  <S100FC:scope>Dynamic under keel clearance management information</S100FC:scope>
  <S100FC:fieldOfApplication>Under keel clearance management</S100FC:fieldOfApplication>
  <S100FC:versionNumber>2.0.0</S100FC:versionNumber>
  <S100FC:versionDate>2024-09-28</S100FC:versionDate>
    <S100FC:productId>S-129</S100FC:productId>
  <S100FC:producer>
    <S100CI:role>editor</S100CI:role>
    <S100CI:party>
      <S100CI:CI_Organisation>
        <S100CI:name>KMOU</S100CI:name>
        <S100CI:contactInfo>
          <S100CI:address>
            <S100CI:administrativeArea>727 Taejong-ro, Yeongdo-Gu, Busan 49112</S100CI:administrativeArea>
            <S100CI:country>Republic of Korea</S100CI:country>
            <S100CI:electronicMailAddress>sjlee@kmou.ac.kr</S100CI:electronicMailAddress>
          </S100CI:address>
          <S100CI:onlineResource>
            <S100CI:linkage>www.kmou.ac.kr</S100CI:linkage>
          </S100CI:onlineResource>
        </S100CI:contactInfo>
      </S100CI:CI_Organisation>
    </S100CI:party>
    <S100CI:party>
      <S100CI:CI_Individual>
        <S100CI:name>Seojeong Lee</S100CI:name>
      </S100CI:CI_Individual>
    </S100CI:party>
  </S100FC:producer>

  <S100FC:S100_FC_SimpleAttributes>
    <!--attributes-->
    <S100FC:S100_FC_SimpleAttribute>
      <S100FC:name>Generation Time</S100FC:name>
      <S100FC:definition>Time the UKC plan was generated.</S100FC:definition>
      <S100FC:code>generationTime</S100FC:code>
      <S100FC:valueType>dateTime</S100FC:valueType>
    </S100FC:S100_FC_SimpleAttribute>
    <S100FC:S100_FC_SimpleAttribute>
      <S100FC:name>Vessel ID</S100FC:name>
      <S100FC:definition>Vessel identifier, based on MRN. Can be either IMO or MMSI based.</S100FC:definition>
      <S100FC:code>vesselID</S100FC:code>
      <S100FC:valueType>text</S100FC:valueType>
    </S100FC:S100_FC_SimpleAttribute>
    <S100FC:S100_FC_SimpleAttribute>
      <S100FC:name>Source Route Name</S100FC:name>
      <S100FC:definition>Identification of the route used as a source for the calculation.</S100FC:definition>
      <S100FC:code>sourceRouteName</S100FC:code>
      <S100FC:remarks>May be provided through different methods, such as S-421, RTZ, or as generated by the UKCM service.
      If provided, for example, using S-421, the value of “S-421.Route.routeID” is used for machine-readable identification, or the value of “S-421.RouteInfo.routeInfoName” is used for human-readable identification.
      </S100FC:remarks>
      <S100FC:valueType>text</S100FC:valueType>
    </S100FC:S100_FC_SimpleAttribute>
    <S100FC:S100_FC_SimpleAttribute>
      <S100FC:name>Source Route Version</S100FC:name>
      <S100FC:definition>Identification of the route used as a source for the calculation.</S100FC:definition>
      <S100FC:code>sourceRouteVersion</S100FC:code>
      <S100FC:remarks>May be provided through different methods, such as S-421, RTZ, or as generated by the UKCM service.
      Can be used to supplement information provided by “sourceRouteName”, especially if “sourceRouteName” provides insufficient route information.
      If provided, for example, using S-421, the value of “S-421.Route.routeEditionNo” is used.
      </S100FC:remarks>
      <S100FC:valueType>integer</S100FC:valueType>
      <S100FC:constraints>
        <S100CD:range>
          <S100Base:lowerBound>1</S100Base:lowerBound>
          <S100Base:closure>geSemiInterval</S100Base:closure>
        </S100CD:range>
      </S100FC:constraints>      
    </S100FC:S100_FC_SimpleAttribute>
    <S100FC:S100_FC_SimpleAttribute>
      <S100FC:name>Maximum Draught</S100FC:name>
      <S100FC:definition>The maximum vessel draught in metres, used as base for the calculation.</S100FC:definition>
      <S100FC:code>maximumDraught</S100FC:code>
      <S100FC:valueType>real</S100FC:valueType>
      <S100FC:uom>
        <S100Base:name>metre</S100Base:name>
        <S100Base:symbol>m</S100Base:symbol>
      </S100FC:uom>
      <S100FC:constraints>
        <S100CD:range>
          <S100Base:lowerBound>0</S100Base:lowerBound>
          <S100Base:closure>gtSemiInterval</S100Base:closure>
        </S100CD:range>
      </S100FC:constraints>
    </S100FC:S100_FC_SimpleAttribute>
    <S100FC:S100_FC_SimpleAttribute>
      <S100FC:name>Scale Minimum</S100FC:name>
      <S100FC:definition>The minimum scale at which the feature may be used for example for ECDIS presentation.</S100FC:definition>
      <S100FC:code>scaleMinimum</S100FC:code>
      <S100FC:remarks>The modulus of the scale is indicated, that is 1:1 250 000 is encoded as 1250000.</S100FC:remarks>
      <S100FC:alias>SCAMIN</S100FC:alias>
      <S100FC:valueType>integer</S100FC:valueType>
    </S100FC:S100_FC_SimpleAttribute>
    <S100FC:S100_FC_SimpleAttribute>
      <S100FC:name>Name</S100FC:name>
      <S100FC:definition>The individual name of a feature.</S100FC:definition>
      <S100FC:code>name</S100FC:code>
      <S100FC:valueType>text</S100FC:valueType>
    </S100FC:S100_FC_SimpleAttribute>
    <S100FC:S100_FC_SimpleAttribute>
      <S100FC:name>Name Usage</S100FC:name>
      <S100FC:definition>Classification of the type and display level of the name of a feature in an end-user system.</S100FC:definition>
      <S100FC:code>nameUsage</S100FC:code>
      <S100FC:valueType>enumeration</S100FC:valueType>
      <S100FC:listedValues>
        <S100FC:listedValue>
          <S100FC:label>Default Name Display</S100FC:label>
          <S100FC:definition>The name is intended to be displayed when the end-user system is set to the default name/text display setting.</S100FC:definition>
          <S100FC:code>1</S100FC:code>
        </S100FC:listedValue>
        <S100FC:listedValue>
          <S100FC:label>Alternate Name Display</S100FC:label>
          <S100FC:definition>The name is intended to be displayed when the end-user system is set to an alternate name/text display setting, for example an alternate language.</S100FC:definition>
          <S100FC:code>2</S100FC:code>
        </S100FC:listedValue>
      </S100FC:listedValues>
    </S100FC:S100_FC_SimpleAttribute>
    <S100FC:S100_FC_SimpleAttribute>
      <S100FC:name>Language</S100FC:name>
      <S100FC:definition>The method of human communication, either spoken or written, consisting of the use of words in a structured and conventional way.</S100FC:definition>
      <S100FC:code>language</S100FC:code>
      <S100FC:valueType>text</S100FC:valueType>
    </S100FC:S100_FC_SimpleAttribute>
    <S100FC:S100_FC_SimpleAttribute>
      <S100FC:name>Expected Passing Time</S100FC:name>
      <S100FC:definition>The expected passing time for a ship for a nominated Under Keel Clearance Control Point.</S100FC:definition>
      <S100FC:code>expectedPassingTime</S100FC:code>
      <S100FC:valueType>dateTime</S100FC:valueType>
    </S100FC:S100_FC_SimpleAttribute>
    <S100FC:S100_FC_SimpleAttribute>
      <S100FC:name>Expected Passing Speed</S100FC:name>
      <S100FC:definition>The expected passing speed for a ship for a nominated Under Keel Clearance Control Point.</S100FC:definition>
      <S100FC:code>expectedPassingSpeed</S100FC:code>
      <S100FC:valueType>real</S100FC:valueType>
      <S100FC:uom>
        <S100Base:name>metres per second</S100Base:name>
        <S100Base:symbol>m/s</S100Base:symbol>
      </S100FC:uom>
      <S100FC:constraints>
        <S100CD:range>
          <S100Base:lowerBound>0</S100Base:lowerBound>
          <S100Base:closure>geSemiInterval</S100Base:closure>
        </S100CD:range>
      </S100FC:constraints>
    </S100FC:S100_FC_SimpleAttribute>
    <S100FC:S100_FC_SimpleAttribute>
      <S100FC:name>Time Start</S100FC:name>
      <S100FC:definition>The start time of an active period.</S100FC:definition>
      <S100FC:code>timeStart</S100FC:code>
      <S100FC:valueType>dateTime</S100FC:valueType>
    </S100FC:S100_FC_SimpleAttribute>
    <S100FC:S100_FC_SimpleAttribute>
      <S100FC:name>Time End</S100FC:name>
      <S100FC:definition>The end time of an active period.</S100FC:definition>
      <S100FC:code>timeEnd</S100FC:code>
      <S100FC:valueType>dateTime</S100FC:valueType>
    </S100FC:S100_FC_SimpleAttribute>
    <S100FC:S100_FC_SimpleAttribute>
      <S100FC:name>Distance Above UKC Limit</S100FC:name>
      <S100FC:definition>The distance of the lowest part of the ship's keel above the established Under Keel Clearance Limit for the waterway, expressed in metres.</S100FC:definition>
      <S100FC:code>distanceAboveUKCLimit</S100FC:code>
      <S100FC:valueType>real</S100FC:valueType>
      <S100FC:uom>
        <S100Base:name>metre</S100Base:name>
        <S100Base:symbol>m</S100Base:symbol>
      </S100FC:uom>
    </S100FC:S100_FC_SimpleAttribute>
    <S100FC:S100_FC_SimpleAttribute>
      <S100FC:name>Interoperability Identifier</S100FC:name>
      <S100FC:definition>A common unique identifier for entities which describe a single real-world feature, and which is used to identify instances of the feature in end-user systems where the feature may be included in multiple data product types.</S100FC:definition>
      <S100FC:code>interoperabilityIdentifier</S100FC:code>
      <S100FC:valueType>URN</S100FC:valueType>
    </S100FC:S100_FC_SimpleAttribute>

    <!--attributes - enumeration-->
    <S100FC:S100_FC_SimpleAttribute>
      <S100FC:name>Under Keel Clearance Purpose</S100FC:name>
      <S100FC:definition>The relevant phase of a UKC passage plan.</S100FC:definition>
      <S100FC:code>underKeelClearancePurpose</S100FC:code>
      <S100FC:valueType>enumeration</S100FC:valueType>
      <S100FC:listedValues>
        <S100FC:listedValue>
          <S100FC:label>Pre Plan</S100FC:label>
          <S100FC:definition>An indicative UKC plan that identifies potential sailing windows for a nominated vessel draught; days, weeks or months prior to the planned passage through the UKCM region.</S100FC:definition>
          <S100FC:code>1</S100FC:code>
        </S100FC:listedValue>
        <S100FC:listedValue>
          <S100FC:label>Actual Plan</S100FC:label>
          <S100FC:definition>A detailed Under Keel Clearance plan that identifies sailing windows and no-go areas, integrating live weather data, hours or days prior to transiting the Under Keel Clearance Management region.</S100FC:definition>
          <S100FC:code>2</S100FC:code>
        </S100FC:listedValue>
        <S100FC:listedValue>
          <S100FC:label>Actual Update</S100FC:label>
          <S100FC:definition>A near real-time, detailed, Under Keel Clearance plan that identifies sailing windows and no-go areas, using live weather, vessel position and traffic data, while the vessel is transiting the Under Keel Clearance Management region.</S100FC:definition>
          <S100FC:code>3</S100FC:code>
        </S100FC:listedValue>
      </S100FC:listedValues>      
    </S100FC:S100_FC_SimpleAttribute>
    <S100FC:S100_FC_SimpleAttribute>
      <S100FC:name>Under Keel Clearance Calculation Requested</S100FC:name>
      <S100FC:definition>Indication of the aim of the UKC plan: To find the maximum safe vessel draught for transiting the UKCM region, or to find sailing windows for a nominated vessel draught.</S100FC:definition>
      <S100FC:code>underKeelClearanceCalculationRequested</S100FC:code>
      <S100FC:valueType>enumeration</S100FC:valueType>
      <S100FC:listedValues>
        <S100FC:listedValue>
          <S100FC:label>Time Window</S100FC:label>
          <S100FC:definition>The available time window(s) for a given draught.</S100FC:definition>
          <S100FC:code>1</S100FC:code>
        </S100FC:listedValue>
        <S100FC:listedValue>
          <S100FC:label>Maximum Draught</S100FC:label>
          <S100FC:definition>The maximum draught for a given time window.</S100FC:definition>
          <S100FC:code>2</S100FC:code>
        </S100FC:listedValue>
      </S100FC:listedValues>
    </S100FC:S100_FC_SimpleAttribute>
  </S100FC:S100_FC_SimpleAttributes>

  <!--attributes - complexAttribute-->
  <S100FC:S100_FC_ComplexAttributes>
    <S100FC:S100_FC_ComplexAttribute>
      <S100FC:name>Fixed Time Range</S100FC:name>
      <S100FC:definition>Time interval.</S100FC:definition>
      <S100FC:code>fixedTimeRange</S100FC:code>
      <S100FC:subAttributeBinding sequential="false">
        <S100FC:multiplicity>
          <S100Base:lower>0</S100Base:lower>
          <S100Base:upper xsi:nil="false" infinite="false">1</S100Base:upper>
        </S100FC:multiplicity>
        <S100FC:attribute ref="timeStart"/>
      </S100FC:subAttributeBinding>
      <S100FC:subAttributeBinding sequential="false">
        <S100FC:multiplicity>
          <S100Base:lower>0</S100Base:lower>
          <S100Base:upper xsi:nil="false" infinite="false">1</S100Base:upper>
        </S100FC:multiplicity>
        <S100FC:attribute ref="timeEnd"/>
      </S100FC:subAttributeBinding>
    </S100FC:S100_FC_ComplexAttribute>
    <S100FC:S100_FC_ComplexAttribute>
      <S100FC:name>Feature Name</S100FC:name>
      <S100FC:definition>Provides the name of an entity, defines the national language of the name, and provides the option to display the name at various system display settings.</S100FC:definition>
      <S100FC:code>featureName</S100FC:code>
      <S100FC:subAttributeBinding sequential="false">
        <S100FC:multiplicity>
          <S100Base:lower>1</S100Base:lower>
          <S100Base:upper xsi:nil="false" infinite="false">1</S100Base:upper>
        </S100FC:multiplicity>
        <S100FC:attribute ref="language" />
      </S100FC:subAttributeBinding>
      <S100FC:subAttributeBinding sequential="false">
        <S100FC:multiplicity>
          <S100Base:lower>1</S100Base:lower>
          <S100Base:upper xsi:nil="false" infinite="false">1</S100Base:upper>
        </S100FC:multiplicity>
        <S100FC:attribute ref="name" />
      </S100FC:subAttributeBinding>
      <S100FC:subAttributeBinding sequential="false">
        <S100FC:multiplicity>
          <S100Base:lower>0</S100Base:lower>
          <S100Base:upper xsi:nil="false" infinite="false">1</S100Base:upper>
        </S100FC:multiplicity>
        <S100FC:permittedValues>
          <S100FC:value>1</S100FC:value>
          <S100FC:value>2</S100FC:value>
        </S100FC:permittedValues>
        <S100FC:attributeVisibility>privateVisibility</S100FC:attributeVisibility>
        <S100FC:attribute ref="nameUsage" />
      </S100FC:subAttributeBinding>
    </S100FC:S100_FC_ComplexAttribute>
  </S100FC:S100_FC_ComplexAttributes>

  <!--ADD : Roles-->
	<S100FC:S100_FC_Roles>
		<S100FC:S100_FC_Role>
			<S100FC:name>The Collection</S100FC:name>
			<S100FC:definition>A pointer to the aggregate in a whole-part relationship.</S100FC:definition>
			<S100FC:code>theCollection</S100FC:code>
		</S100FC:S100_FC_Role>
		<S100FC:S100_FC_Role>
			<S100FC:name>The Component</S100FC:name>
			<S100FC:definition>A pointer to a part in a whole-part relationship</S100FC:definition>
			<S100FC:code>theComponent</S100FC:code>
		</S100FC:S100_FC_Role>
	</S100FC:S100_FC_Roles>

  <!--ADD : Feature Association-->
	<S100FC:S100_FC_FeatureAssociations>
	 	<S100FC:S100_FC_FeatureAssociation isAbstract="false">
	 		<S100FC:name>UKC Plan Area Composition</S100FC:name>
	 		<S100FC:definition>A feature association for the binding between Under Keel Clearance Plan Area and Under Keel Clearance Plan</S100FC:definition>
	 		<S100FC:code>UnderKeelClearancePlanAreaComposition</S100FC:code>
	 		<S100FC:role ref="theCollection"/>
	 		<S100FC:role ref="theComponent"/>
	 	</S100FC:S100_FC_FeatureAssociation>
	 	<S100FC:S100_FC_FeatureAssociation isAbstract="false">
	 		<S100FC:name>UKC Non Navigable Area Composition</S100FC:name>
	 		<S100FC:definition>A feature association for the binding between Under Keel Clearance Non Navigable Area and Under Keel Clearance Plan</S100FC:definition>
	 		<S100FC:code>UnderKeelClearanceNonNavigableAreaComposition</S100FC:code>
	 		<S100FC:role ref="theCollection"/>
	 		<S100FC:role ref="theComponent"/>
	 	</S100FC:S100_FC_FeatureAssociation>
	 	<S100FC:S100_FC_FeatureAssociation isAbstract="false">
	 		<S100FC:name>UKC Almost Non Navigable Area Composition</S100FC:name>
	 		<S100FC:definition>A feature association for the binding between Under Keel Clearance Almost Non Navigable Area and Under Keel Clearance Plan</S100FC:definition>
	 		<S100FC:code>UnderKeelClearanceAlmostNonNavigableAreaComposition</S100FC:code>
	 		<S100FC:role ref="theCollection"/>
	 		<S100FC:role ref="theComponent"/>
	 	</S100FC:S100_FC_FeatureAssociation>
    <S100FC:S100_FC_FeatureAssociation isAbstract="false">
	 		<S100FC:name>UKC Control Point Composition</S100FC:name>
	 		<S100FC:definition>A feature association for the binding between Under Keel Clearance Control Point and Under Keel Clearance Plan</S100FC:definition>
	 		<S100FC:code>UnderKeelClearanceControlPointComposition</S100FC:code>
	 		<S100FC:role ref="theCollection"/>
	 		<S100FC:role ref="theComponent"/>
	 	</S100FC:S100_FC_FeatureAssociation>
	</S100FC:S100_FC_FeatureAssociations> 

  <!--features-->
  <S100FC:S100_FC_FeatureTypes>
    <S100FC:S100_FC_FeatureType>
      <S100FC:name>Under Keel Clearance Plan</S100FC:name>
      <S100FC:definition>A UKC plan calculated for a particular vessel, for a particular passage.</S100FC:definition>
      <S100FC:code>UnderKeelClearancePlan</S100FC:code>
      <S100FC:remarks></S100FC:remarks>
      <S100FC:attributeBinding sequential="false">
        <S100FC:multiplicity>
          <S100Base:lower>0</S100Base:lower>
          <S100Base:upper xsi:nil="false" infinite="false">1</S100Base:upper>
        </S100FC:multiplicity>
        <S100FC:attribute ref="fixedTimeRange"/>
      </S100FC:attributeBinding>
      <S100FC:attributeBinding sequential="false">
        <S100FC:multiplicity>
          <S100Base:lower>0</S100Base:lower>
          <S100Base:upper xsi:nil="false" infinite="false">1</S100Base:upper>
        </S100FC:multiplicity>
        <S100FC:attribute ref="generationTime"/>
      </S100FC:attributeBinding>
      <S100FC:attributeBinding sequential="false">
        <S100FC:multiplicity>
          <S100Base:lower>0</S100Base:lower>
          <S100Base:upper xsi:nil="false" infinite="false">1</S100Base:upper>
        </S100FC:multiplicity>
        <S100FC:attribute ref="vesselID"/>
      </S100FC:attributeBinding>
      <S100FC:attributeBinding sequential="false">
        <S100FC:multiplicity>
          <S100Base:lower>0</S100Base:lower>
          <S100Base:upper xsi:nil="false" infinite="false">1</S100Base:upper>
        </S100FC:multiplicity>
        <S100FC:attribute ref="sourceRouteName"/>
      </S100FC:attributeBinding>
      <S100FC:attributeBinding sequential="false">
        <S100FC:multiplicity>
          <S100Base:lower>0</S100Base:lower>
          <S100Base:upper xsi:nil="false" infinite="false">1</S100Base:upper>
        </S100FC:multiplicity>
        <S100FC:attribute ref="sourceRouteVersion"/>
      </S100FC:attributeBinding>
      <S100FC:attributeBinding sequential="false">
        <S100FC:multiplicity>
          <S100Base:lower>0</S100Base:lower>
          <S100Base:upper xsi:nil="false" infinite="false">1</S100Base:upper>
        </S100FC:multiplicity>
        <S100FC:attribute ref="maximumDraught"/>
      </S100FC:attributeBinding>
      <S100FC:attributeBinding>
        <S100FC:multiplicity>
          <S100Base:lower>0</S100Base:lower>
          <S100Base:upper xsi:nil="false" infinite="false">1</S100Base:upper>
        </S100FC:multiplicity>
        <S100FC:attributeVisibility>privateVisibility</S100FC:attributeVisibility>
        <S100FC:attribute ref="interoperabilityIdentifier"/>
      </S100FC:attributeBinding>
      <S100FC:attributeBinding sequential="false">
        <S100FC:multiplicity>
          <S100Base:lower>0</S100Base:lower>
          <S100Base:upper xsi:nil="false" infinite="false">1</S100Base:upper>
        </S100FC:multiplicity>
        <S100FC:permittedValues>
          <S100FC:value>1</S100FC:value>
          <S100FC:value>2</S100FC:value>
          <S100FC:value>3</S100FC:value>
        </S100FC:permittedValues>
        <S100FC:attribute ref="underKeelClearancePurpose"/>
      </S100FC:attributeBinding>
      <S100FC:attributeBinding sequential="false">
        <S100FC:multiplicity>
          <S100Base:lower>0</S100Base:lower>
          <S100Base:upper xsi:nil="false" infinite="false">1</S100Base:upper>
        </S100FC:multiplicity>
        <S100FC:permittedValues>
          <S100FC:value>1</S100FC:value>
          <S100FC:value>2</S100FC:value>
        </S100FC:permittedValues>
        <S100FC:attribute ref="underKeelClearanceCalculationRequested"/>
      </S100FC:attributeBinding>
      <S100FC:featureUseType>geographic</S100FC:featureUseType> 
      <S100FC:featureBinding roleType="association">
        <S100FC:multiplicity>
          <S100Base:lower>0</S100Base:lower>
          <S100Base:upper xsi:nil="true" infinite="true"/>
        </S100FC:multiplicity>
        <S100FC:association ref="UnderKeelClearancePlanAreaComposition"/>
        <S100FC:role ref="theComponent"/>
        <S100FC:featureType ref="UnderKeelClearancePlanArea"/>
      </S100FC:featureBinding>
      <S100FC:featureBinding roleType="association">
        <S100FC:multiplicity>
          <S100Base:lower>0</S100Base:lower>
          <S100Base:upper xsi:nil="true" infinite="true"/>
        </S100FC:multiplicity>
        <S100FC:association ref="UnderKeelClearanceNonNavigableAreaComposition"/>
        <S100FC:role ref="theComponent"/>
        <S100FC:featureType ref="UnderKeelClearanceNonNavigableArea"/>
      </S100FC:featureBinding>
      <S100FC:featureBinding roleType="association">
        <S100FC:multiplicity>
          <S100Base:lower>0</S100Base:lower>
          <S100Base:upper xsi:nil="true" infinite="true"/>
        </S100FC:multiplicity>
        <S100FC:association ref="UnderKeelClearanceAlmostNonNavigableAreaComposition"/>
        <S100FC:role ref="theComponent"/>
        <S100FC:featureType ref="UnderKeelClearanceAlmostNonNavigableArea"/>
      </S100FC:featureBinding>
      <S100FC:featureBinding roleType="association">
        <S100FC:multiplicity>
          <S100Base:lower>1</S100Base:lower>
          <S100Base:upper xsi:nil="true" infinite="true"/>
        </S100FC:multiplicity>
        <S100FC:association ref="UnderKeelClearanceControlPointComposition"/>
        <S100FC:role ref="theComponent"/>
        <S100FC:featureType ref="UnderKeelClearanceControlPoint"/>
      </S100FC:featureBinding>
      <S100FC:permittedPrimitives>noGeometry</S100FC:permittedPrimitives>
    </S100FC:S100_FC_FeatureType>

    <S100FC:S100_FC_FeatureType>                                      <!--ADD : Under Keel Clearance Plan area feature-->        
      <S100FC:name>Under Keel Clearance Plan Area</S100FC:name>
      <S100FC:definition>The area for which an under keel clearance plan has been calculated for a particular vessel, for a particular passage.</S100FC:definition>
      <S100FC:code>UnderKeelClearancePlanArea</S100FC:code>
      <S100FC:remarks></S100FC:remarks>
      <S100FC:attributeBinding sequential="false">
        <S100FC:multiplicity>
          <S100Base:lower>0</S100Base:lower>
          <S100Base:upper xsi:nil="false" infinite="false">1</S100Base:upper>
        </S100FC:multiplicity>
        <S100FC:attribute ref="scaleMinimum"/>
      </S100FC:attributeBinding>    
      <S100FC:attributeBinding>
        <S100FC:multiplicity>
          <S100Base:lower>0</S100Base:lower>
          <S100Base:upper xsi:nil="false" infinite="false">1</S100Base:upper>
        </S100FC:multiplicity>
        <S100FC:attributeVisibility>privateVisibility</S100FC:attributeVisibility>
        <S100FC:attribute ref="interoperabilityIdentifier"/>
      </S100FC:attributeBinding>
      <S100FC:featureUseType>geographic</S100FC:featureUseType> 
      <S100FC:featureBinding roleType="composition">      
        <S100FC:multiplicity>
          <S100Base:lower>1</S100Base:lower>
          <S100Base:upper infinite="false" xsi:nil="false">1</S100Base:upper>
        </S100FC:multiplicity>
        <S100FC:association ref="UnderKeelClearancePlanAreaComposition"/>
        <S100FC:role ref="theCollection"/>
      <S100FC:featureType ref="UnderKeelClearancePlan"/>
      </S100FC:featureBinding>
      <S100FC:permittedPrimitives>surface</S100FC:permittedPrimitives>
    </S100FC:S100_FC_FeatureType>

    <S100FC:S100_FC_FeatureType>
      <S100FC:name>Under Keel Clearance Non Navigable Area</S100FC:name>
      <S100FC:definition>An area of under keel clearance less than the calculated safe limit.</S100FC:definition>
      <S100FC:code>UnderKeelClearanceNonNavigableArea</S100FC:code>
      <S100FC:remarks></S100FC:remarks>
      <S100FC:attributeBinding sequential="false">
        <S100FC:multiplicity>
          <S100Base:lower>0</S100Base:lower>
          <S100Base:upper xsi:nil="false" infinite="false">1</S100Base:upper>
        </S100FC:multiplicity>
        <S100FC:attribute ref="scaleMinimum"/>
      </S100FC:attributeBinding>
      <S100FC:attributeBinding>
        <S100FC:multiplicity>
          <S100Base:lower>0</S100Base:lower>
          <S100Base:upper xsi:nil="false" infinite="false">1</S100Base:upper>
        </S100FC:multiplicity>
        <S100FC:attributeVisibility>privateVisibility</S100FC:attributeVisibility>
        <S100FC:attribute ref="interoperabilityIdentifier"/>
      </S100FC:attributeBinding>
      <S100FC:featureUseType>geographic</S100FC:featureUseType>
      <S100FC:featureBinding roleType="composition">
        <S100FC:multiplicity>
          <S100Base:lower>1</S100Base:lower>
          <S100Base:upper infinite="false" xsi:nil="false">1</S100Base:upper>
        </S100FC:multiplicity>
        <S100FC:association ref="UnderKeelClearanceNonNavigableAreaComposition"/>
        <S100FC:role ref="theCollection"/>
        <S100FC:featureType ref="UnderKeelClearancePlan"/>
      </S100FC:featureBinding>
      <S100FC:permittedPrimitives>surface</S100FC:permittedPrimitives>
    </S100FC:S100_FC_FeatureType>

    <S100FC:S100_FC_FeatureType>
      <S100FC:name>Under Keel Clearance Almost Non Navigable Area</S100FC:name>
      <S100FC:definition>An area of under keel clearance almost less than the calculated safe limit, as established for the waterway.</S100FC:definition>
      <S100FC:code>UnderKeelClearanceAlmostNonNavigableArea</S100FC:code>
      <S100FC:remarks></S100FC:remarks>
      <S100FC:attributeBinding sequential="false">
        <S100FC:multiplicity>
          <S100Base:lower>0</S100Base:lower>
          <S100Base:upper xsi:nil="false" infinite="false">1</S100Base:upper>
        </S100FC:multiplicity>
        <S100FC:attribute ref="scaleMinimum"/>
      </S100FC:attributeBinding>
      <S100FC:attributeBinding sequential="false">
        <S100FC:multiplicity>
          <S100Base:lower>0</S100Base:lower>
          <S100Base:upper xsi:nil="false" infinite="false">1</S100Base:upper>
        </S100FC:multiplicity>
        <S100FC:attribute ref="distanceAboveUKCLimit"/>
      </S100FC:attributeBinding>
      <S100FC:attributeBinding>
        <S100FC:multiplicity>
          <S100Base:lower>0</S100Base:lower>
          <S100Base:upper xsi:nil="false" infinite="false">1</S100Base:upper>
        </S100FC:multiplicity>
        <S100FC:attributeVisibility>privateVisibility</S100FC:attributeVisibility>
        <S100FC:attribute ref="interoperabilityIdentifier"/>
      </S100FC:attributeBinding>
      <S100FC:featureUseType>geographic</S100FC:featureUseType>
      <S100FC:featureBinding roleType="composition">
        <S100FC:multiplicity>
          <S100Base:lower>1</S100Base:lower>
          <S100Base:upper infinite="false" xsi:nil="false">1</S100Base:upper>
        </S100FC:multiplicity>
        <S100FC:association ref="UnderKeelClearanceAlmostNonNavigableAreaComposition"/>
        <S100FC:role ref="theCollection"/>    
        <S100FC:featureType ref="UnderKeelClearancePlan"/>
      </S100FC:featureBinding>
      <S100FC:permittedPrimitives>surface</S100FC:permittedPrimitives>
    </S100FC:S100_FC_FeatureType>

    <S100FC:S100_FC_FeatureType>
      <S100FC:name>Under Keel Clearance Control Point</S100FC:name>
      <S100FC:definition>Selected critical passage point or line.</S100FC:definition>
      <S100FC:code>UnderKeelClearanceControlPoint</S100FC:code>
      <S100FC:remarks></S100FC:remarks>
      <S100FC:attributeBinding sequential="false">
        <S100FC:multiplicity>
          <S100Base:lower>0</S100Base:lower>
          <S100Base:upper xsi:nil="false" infinite="false">1</S100Base:upper>
        </S100FC:multiplicity>
        <S100FC:attribute ref="featureName"/>
      </S100FC:attributeBinding>
      <S100FC:attributeBinding sequential="false">
        <S100FC:multiplicity>
          <S100Base:lower>0</S100Base:lower>
          <S100Base:upper xsi:nil="false" infinite="false">1</S100Base:upper>
        </S100FC:multiplicity>
        <S100FC:attribute ref="expectedPassingTime"/>
      </S100FC:attributeBinding>
      <S100FC:attributeBinding sequential="false">
        <S100FC:multiplicity>
          <S100Base:lower>0</S100Base:lower>
          <S100Base:upper xsi:nil="false" infinite="false">1</S100Base:upper>
        </S100FC:multiplicity>
        <S100FC:attribute ref="expectedPassingSpeed"/>
      </S100FC:attributeBinding>
      <S100FC:attributeBinding sequential="false">
        <S100FC:multiplicity>
          <S100Base:lower>0</S100Base:lower>
          <S100Base:upper xsi:nil="false" infinite="false">1</S100Base:upper>
        </S100FC:multiplicity>
        <S100FC:attribute ref="distanceAboveUKCLimit"/>
      </S100FC:attributeBinding>
      <S100FC:attributeBinding>
        <S100FC:multiplicity>
          <S100Base:lower>0</S100Base:lower>
          <S100Base:upper xsi:nil="false" infinite="false">1</S100Base:upper>
        </S100FC:multiplicity>
        <S100FC:attributeVisibility>privateVisibility</S100FC:attributeVisibility>
        <S100FC:attribute ref="interoperabilityIdentifier"/>
      </S100FC:attributeBinding>
      <S100FC:attributeBinding sequential="false">
        <S100FC:multiplicity>
          <S100Base:lower>0</S100Base:lower>
          <S100Base:upper xsi:nil="false" infinite="false">1</S100Base:upper>
        </S100FC:multiplicity>
        <S100FC:attribute ref="fixedTimeRange"/>
      </S100FC:attributeBinding>    
      <S100FC:featureUseType>geographic</S100FC:featureUseType> 
      <S100FC:featureBinding roleType="composition">
        <S100FC:multiplicity>
          <S100Base:lower>1</S100Base:lower>
          <S100Base:upper infinite="false" xsi:nil="false">1</S100Base:upper>
        </S100FC:multiplicity>
        <S100FC:association ref="UnderKeelClearanceControlPointComposition"/>
        <S100FC:role ref="theCollection"/>
        <S100FC:featureType ref="UnderKeelClearancePlan"/>
      </S100FC:featureBinding>
      <S100FC:permittedPrimitives>point</S100FC:permittedPrimitives>
    </S100FC:S100_FC_FeatureType>
  </S100FC:S100_FC_FeatureTypes>  
</S100FC:S100_FC_FeatureCatalogue>