<?xml version="1.0" encoding="utf-8"?>
<S100FC:S100_FC_FeatureCatalogue xmlns:S100FC="http://www.iho.int/S100FC" xmlns:S100Base="http://www.iho.int/S100Base" xmlns:S100CI="http://www.iho.int/S100CI" xmlns:xlink="http://www.w3.org/1999/xlink" xmlns:S100FD="http://www.iho.int/S100FD" xmlns:xsi="http://www.w3.org/2001/XMLSchema-instance" xsi:schemaLocation="http://www.iho.int/S100FC S100FC.xsd">
	<S100FC:name>S-121</S100FC:name>
  <S100FC:product>S-121</S100FC:product>
	<S100FC:scope>Maritime Limits and Boundaries</S100FC:scope>
	<S100FC:fieldOfApplication>Coastal</S100FC:fieldOfApplication>
	<S100FC:versionNumber>0.0.1</S100FC:versionNumber>
	<S100FC:versionDate>2017-02-27</S100FC:versionDate>
  <S100FC:productId>S-121</S100FC:productId>
	<S100FC:producer>
		<S100CI:role>pointOfContact</S100CI:role>
	</S100FC:producer>
	<S100FC:classification>unclassified</S100FC:classification>
	<S100FC:S100_FC_SimpleAttributes>

    <S100FC:S100_FC_SimpleAttribute>
      <S100FC:name>Display Name</S100FC:name>
      <S100FC:definition>
        A statement expressing if a feature name is to be displayed in certain system display settings or not.
      </S100FC:definition>
      <S100FC:code>displayName</S100FC:code>
      <S100FC:remarks>
        Where it is allowable to encode multiple instances of feature name for a single feature instance, only one feature name instance can indicate that the name is to be displayed (display name set to True).
      </S100FC:remarks>
      <S100FC:valueType>boolean</S100FC:valueType>
    </S100FC:S100_FC_SimpleAttribute>

    <S100FC:S100_FC_SimpleAttribute>
      <S100FC:name>language</S100FC:name>
      <S100FC:definition>The method of human communication, either spoken or written, consisting of the use of words in a structured and conventional way.</S100FC:definition>
      <S100FC:code>language</S100FC:code>
      <S100FC:remarks>The language is encoded by a 3 character code following ISO 639-2/T.</S100FC:remarks>
      <S100FC:valueType>text</S100FC:valueType>
    </S100FC:S100_FC_SimpleAttribute>
    <S100FC:S100_FC_SimpleAttribute>
      <S100FC:name>name</S100FC:name>
      <S100FC:definition>
        The individual name of a feature. (S-57 Edition 3.1, Appendix A ? Chapter 2, Page 2.158, November 2000).
      </S100FC:definition>
      <S100FC:code>name</S100FC:code>
      <S100FC:remarks>Replaces the use of OBJNAM and NOBJNM.</S100FC:remarks>
      <S100FC:valueType>text</S100FC:valueType>
    </S100FC:S100_FC_SimpleAttribute>
    <S100FC:S100_FC_SimpleAttribute>
      <S100FC:name>Horizontal Datum</S100FC:name>
      <S100FC:definition></S100FC:definition>
      <S100FC:code>horizontalDatum</S100FC:code>
      <S100FC:valueType>EPSG</S100FC:valueType>
    </S100FC:S100_FC_SimpleAttribute>

    <S100FC:S100_FC_SimpleAttribute>
      <S100FC:name>label</S100FC:name>
      <S100FC:definition>
        The display name of a feature.
      </S100FC:definition>
      <S100FC:code>label</S100FC:code>
      <S100FC:remarks>Diaplay name</S100FC:remarks>
      <S100FC:valueType>text</S100FC:valueType>
    </S100FC:S100_FC_SimpleAttribute>
    <S100FC:S100_FC_SimpleAttribute>
      <S100FC:name>context</S100FC:name>
      <S100FC:definition>
        The context of a feature.
      </S100FC:definition>
      <S100FC:code>context</S100FC:code>
      <S100FC:remarks>Feature context.</S100FC:remarks>
      <S100FC:valueType>text</S100FC:valueType>
    </S100FC:S100_FC_SimpleAttribute>

    <S100FC:S100_FC_SimpleAttribute>
      <S100FC:name>Source Type</S100FC:name>
      <S100FC:definition> </S100FC:definition>
      <S100FC:code>sourceType</S100FC:code>
      <S100FC:alias></S100FC:alias>
      <S100FC:valueType>enumeration</S100FC:valueType>
      <S100FC:listedValues>
        <S100FC:listedValue>
          <S100FC:label>international law</S100FC:label>
          <S100FC:definition></S100FC:definition>
          <S100FC:code>1</S100FC:code>
        </S100FC:listedValue>
        <S100FC:listedValue>
          <S100FC:label>publication issued by international organization</S100FC:label>
          <S100FC:definition></S100FC:definition>
          <S100FC:code>2</S100FC:code>
        </S100FC:listedValue>
        <S100FC:listedValue>
          <S100FC:label>national law or regulation</S100FC:label>
          <S100FC:definition></S100FC:definition>
          <S100FC:code>3</S100FC:code>
        </S100FC:listedValue>
        <S100FC:listedValue>
          <S100FC:label>publication issued by a national administration</S100FC:label>
          <S100FC:definition></S100FC:definition>
          <S100FC:code>4</S100FC:code>
        </S100FC:listedValue>
        <S100FC:listedValue>
          <S100FC:label>local law or regulation</S100FC:label>
          <S100FC:definition></S100FC:definition>
          <S100FC:code>5</S100FC:code>
        </S100FC:listedValue>
        <S100FC:listedValue>
          <S100FC:label>publication issued by a local administration</S100FC:label>
          <S100FC:definition></S100FC:definition>
          <S100FC:code>6</S100FC:code>
        </S100FC:listedValue>
        <S100FC:listedValue>
          <S100FC:label>mariner report, confirmed</S100FC:label>
          <S100FC:definition></S100FC:definition>
          <S100FC:code>7</S100FC:code>
        </S100FC:listedValue>
        <S100FC:listedValue>
          <S100FC:label>mariner report, not confirmed</S100FC:label>
          <S100FC:definition></S100FC:definition>
          <S100FC:code>8</S100FC:code>
        </S100FC:listedValue>
        <S100FC:listedValue>
          <S100FC:label>industry publication and reports</S100FC:label>
          <S100FC:definition></S100FC:definition>
          <S100FC:code>9</S100FC:code>
        </S100FC:listedValue>
        <S100FC:listedValue>
          <S100FC:label>photographs</S100FC:label>
          <S100FC:definition></S100FC:definition>
          <S100FC:code>10</S100FC:code>
        </S100FC:listedValue>
        <S100FC:listedValue>
          <S100FC:label>product issued by HO services</S100FC:label>
          <S100FC:definition></S100FC:definition>
          <S100FC:code>11</S100FC:code>
        </S100FC:listedValue>
        <S100FC:listedValue>
          <S100FC:label>news media</S100FC:label>
          <S100FC:definition></S100FC:definition>
          <S100FC:code>12</S100FC:code>
        </S100FC:listedValue>
        <S100FC:listedValue>
          <S100FC:label>traffic data</S100FC:label>
          <S100FC:definition></S100FC:definition>
          <S100FC:code>13</S100FC:code>
        </S100FC:listedValue>
      </S100FC:listedValues>
    </S100FC:S100_FC_SimpleAttribute>


    <S100FC:S100_FC_SimpleAttribute>
      <S100FC:name>Source Date</S100FC:name>
      <S100FC:definition></S100FC:definition>
      <S100FC:code>sourceDate</S100FC:code>
      <S100FC:valueType>Date</S100FC:valueType>
    </S100FC:S100_FC_SimpleAttribute>
  </S100FC:S100_FC_SimpleAttributes>

  <S100FC:S100_FC_ComplexAttributes>
    <S100FC:S100_FC_ComplexAttribute>
      <S100FC:name>Feature Name</S100FC:name>
      <S100FC:definition>The complex attribute provides the name of an entity, defines the national language of the name, and provides the option to display the name at various system display settings.</S100FC:definition>
      <S100FC:code>featureName</S100FC:code>
      <S100FC:subAttributeBinding sequential="false">
        <S100FC:multiplicity>
          <S100Base:lower>0</S100Base:lower>
          <S100Base:upper xsi:nil="false" infinite="false">1</S100Base:upper>
        </S100FC:multiplicity>
        <S100FC:attribute ref="displayName"/>
      </S100FC:subAttributeBinding>
      <S100FC:subAttributeBinding sequential="false">
        <S100FC:multiplicity>
          <S100Base:lower>0</S100Base:lower>
          <S100Base:upper xsi:nil="false" infinite="false">1</S100Base:upper>
        </S100FC:multiplicity>
        <S100FC:attribute ref="language"/>
      </S100FC:subAttributeBinding>
      <S100FC:subAttributeBinding sequential="false">
        <S100FC:multiplicity>
          <S100Base:lower>1</S100Base:lower>
          <S100Base:upper xsi:nil="false" infinite="false">1</S100Base:upper>
        </S100FC:multiplicity>
        <S100FC:attribute ref="name"/>
      </S100FC:subAttributeBinding>
    </S100FC:S100_FC_ComplexAttribute>
    </S100FC:S100_FC_ComplexAttributes>
    
	<S100FC:S100_FC_Roles>
	</S100FC:S100_FC_Roles>
  <S100FC:S100_FC_InformationAssociations>
  </S100FC:S100_FC_InformationAssociations>
	<S100FC:S100_FC_InformationTypes>
	</S100FC:S100_FC_InformationTypes>
	<S100FC:S100_FC_FeatureTypes>
		<S100FC:S100_FC_FeatureType isAbstract="true">
			<S100FC:name>Feature Type</S100FC:name>
			<S100FC:definition>Feature Type</S100FC:definition>
			<S100FC:code>FeatureType</S100FC:code>
			<S100FC:attributeBinding sequential="false">
				<S100FC:multiplicity>
					<S100Base:lower>1</S100Base:lower>
					<S100Base:upper xsi:nil="false" infinite="false">1</S100Base:upper>
				</S100FC:multiplicity>
				<S100FC:attribute ref="id"/>
			</S100FC:attributeBinding>
			<S100FC:featureUseType>meta</S100FC:featureUseType>
			<S100FC:permittedPrimitives>noGeometry</S100FC:permittedPrimitives>
		</S100FC:S100_FC_FeatureType>
    
		<S100FC:S100_FC_FeatureType isAbstract="true">
			<S100FC:name>Abstract Maritime Limits and Boundaries</S100FC:name>
			<S100FC:definition>Abstract Maritime Limits and Boundaries</S100FC:definition>
			<S100FC:code>AbstractMaritimeLimitsAndBoundaries</S100FC:code>
			<S100FC:attributeBinding sequential="false">
				<S100FC:multiplicity>
					<S100Base:lower>0</S100Base:lower>
					<S100Base:upper xsi:nil="false" infinite="false">1</S100Base:upper>
				</S100FC:multiplicity>
				<S100FC:permittedValues>
					<S100FC:value>1</S100FC:value>
					<S100FC:value>2</S100FC:value>
					<S100FC:value>3</S100FC:value>
					<S100FC:value>4</S100FC:value>
					<S100FC:value>5</S100FC:value>
					<S100FC:value>6</S100FC:value>
					<S100FC:value>7</S100FC:value>
					<S100FC:value>8</S100FC:value>
					<S100FC:value>9</S100FC:value>
					<S100FC:value>10</S100FC:value>
					<S100FC:value>11</S100FC:value>
					<S100FC:value>12</S100FC:value>
					<S100FC:value>13</S100FC:value>
					<S100FC:value>14</S100FC:value>
					<S100FC:value>15</S100FC:value>
					<S100FC:value>16</S100FC:value>
					<S100FC:value>17</S100FC:value>
					<S100FC:value>18</S100FC:value>
					<S100FC:value>19</S100FC:value>
					<S100FC:value>20</S100FC:value>
					<S100FC:value>21</S100FC:value>
					<S100FC:value>22</S100FC:value>
					<S100FC:value>23</S100FC:value>
					<S100FC:value>24</S100FC:value>
					<S100FC:value>25</S100FC:value>
					<S100FC:value>26</S100FC:value>
					<S100FC:value>27</S100FC:value>
					<S100FC:value>28</S100FC:value>
					<S100FC:value>29</S100FC:value>
					<S100FC:value>30</S100FC:value>
					<S100FC:value>31</S100FC:value>
					<S100FC:value>32</S100FC:value>
					<S100FC:value>33</S100FC:value>
					<S100FC:value>34</S100FC:value>
					<S100FC:value>35</S100FC:value>
					<S100FC:value>36</S100FC:value>
					<S100FC:value>37</S100FC:value>
					<S100FC:value>38</S100FC:value>
					<S100FC:value>39</S100FC:value>
					<S100FC:value>40</S100FC:value>
					<S100FC:value>41</S100FC:value>
					<S100FC:value>42</S100FC:value>
					<S100FC:value>43</S100FC:value>
					<S100FC:value>44</S100FC:value>
					<S100FC:value>45</S100FC:value>
					<S100FC:value>46</S100FC:value>
					<S100FC:value>47</S100FC:value>
					<S100FC:value>48</S100FC:value>
					<S100FC:value>49</S100FC:value>
					<S100FC:value>50</S100FC:value>
					<S100FC:value>51</S100FC:value>
					<S100FC:value>52</S100FC:value>
					<S100FC:value>53</S100FC:value>
					<S100FC:value>54</S100FC:value>
					<S100FC:value>55</S100FC:value>
					<S100FC:value>56</S100FC:value>
					<S100FC:value>57</S100FC:value>
					<S100FC:value>58</S100FC:value>
					<S100FC:value>59</S100FC:value>
					<S100FC:value>60</S100FC:value>
					<S100FC:value>61</S100FC:value>
					<S100FC:value>62</S100FC:value>
					<S100FC:value>63</S100FC:value>
					<S100FC:value>64</S100FC:value>
					<S100FC:value>65</S100FC:value>
					<S100FC:value>66</S100FC:value>
					<S100FC:value>67</S100FC:value>
					<S100FC:value>68</S100FC:value>
					<S100FC:value>69</S100FC:value>
					<S100FC:value>70</S100FC:value>
					<S100FC:value>71</S100FC:value>
					<S100FC:value>72</S100FC:value>
					<S100FC:value>73</S100FC:value>
					<S100FC:value>74</S100FC:value>
					<S100FC:value>75</S100FC:value>
					<S100FC:value>76</S100FC:value>
					<S100FC:value>77</S100FC:value>
					<S100FC:value>78</S100FC:value>
					<S100FC:value>79</S100FC:value>
					<S100FC:value>80</S100FC:value>
					<S100FC:value>81</S100FC:value>
					<S100FC:value>82</S100FC:value>
					<S100FC:value>83</S100FC:value>
					<S100FC:value>84</S100FC:value>
					<S100FC:value>85</S100FC:value>
					<S100FC:value>86</S100FC:value>
					<S100FC:value>87</S100FC:value>
					<S100FC:value>88</S100FC:value>
					<S100FC:value>89</S100FC:value>
					<S100FC:value>90</S100FC:value>
					<S100FC:value>91</S100FC:value>
					<S100FC:value>92</S100FC:value>
					<S100FC:value>93</S100FC:value>
					<S100FC:value>94</S100FC:value>
					<S100FC:value>95</S100FC:value>
					<S100FC:value>96</S100FC:value>
					<S100FC:value>97</S100FC:value>
					<S100FC:value>98</S100FC:value>
					<S100FC:value>99</S100FC:value>
					<S100FC:value>100</S100FC:value>
					<S100FC:value>101</S100FC:value>
					<S100FC:value>102</S100FC:value>
					<S100FC:value>103</S100FC:value>
					<S100FC:value>104</S100FC:value>
					<S100FC:value>105</S100FC:value>
					<S100FC:value>106</S100FC:value>
					<S100FC:value>107</S100FC:value>
					<S100FC:value>108</S100FC:value>
					<S100FC:value>109</S100FC:value>
					<S100FC:value>110</S100FC:value>
					<S100FC:value>111</S100FC:value>
					<S100FC:value>112</S100FC:value>
					<S100FC:value>113</S100FC:value>
					<S100FC:value>114</S100FC:value>
					<S100FC:value>115</S100FC:value>
					<S100FC:value>116</S100FC:value>
					<S100FC:value>117</S100FC:value>
					<S100FC:value>118</S100FC:value>
					<S100FC:value>119</S100FC:value>
					<S100FC:value>120</S100FC:value>
					<S100FC:value>121</S100FC:value>
					<S100FC:value>122</S100FC:value>
					<S100FC:value>123</S100FC:value>
					<S100FC:value>124</S100FC:value>
					<S100FC:value>125</S100FC:value>
					<S100FC:value>126</S100FC:value>
					<S100FC:value>127</S100FC:value>
					<S100FC:value>128</S100FC:value>
					<S100FC:value>129</S100FC:value>
					<S100FC:value>130</S100FC:value>
					<S100FC:value>131</S100FC:value>
				</S100FC:permittedValues>
				<S100FC:attribute ref="horizontalDatum"/>
			</S100FC:attributeBinding>

      <S100FC:attributeBinding sequential="false">
        <S100FC:multiplicity>
          <S100Base:lower>0</S100Base:lower>
          <S100Base:upper xsi:nil="false" infinite="false">1</S100Base:upper>
        </S100FC:multiplicity>
        <S100FC:attribute ref="featureName"/>
      </S100FC:attributeBinding>
      <S100FC:attributeBinding sequential="false">
        <S100FC:multiplicity>
          <S100Base:lower>0</S100Base:lower>
          <S100Base:upper xsi:nil="false" infinite="false">1</S100Base:upper>
        </S100FC:multiplicity>
        <S100FC:attribute ref="label"/>
      </S100FC:attributeBinding>
      <S100FC:attributeBinding sequential="false">
        <S100FC:multiplicity>
          <S100Base:lower>0</S100Base:lower>
          <S100Base:upper xsi:nil="false" infinite="false">1</S100Base:upper>
        </S100FC:multiplicity>
        <S100FC:attribute ref="context"/>
      </S100FC:attributeBinding>
      <S100FC:attributeBinding sequential="false">
        <S100FC:multiplicity>
          <S100Base:lower>0</S100Base:lower>
          <S100Base:upper xsi:nil="false" infinite="false">1</S100Base:upper>
        </S100FC:multiplicity>
        <S100FC:attribute ref="sourceType"/>
      </S100FC:attributeBinding>
      <S100FC:attributeBinding sequential="false">
        <S100FC:multiplicity>
          <S100Base:lower>0</S100Base:lower>
          <S100Base:upper xsi:nil="false" infinite="false">1</S100Base:upper>
        </S100FC:multiplicity>
        <S100FC:attribute ref="sourceDate"/>
      </S100FC:attributeBinding>
      
			<S100FC:featureUseType>meta</S100FC:featureUseType>
			<S100FC:permittedPrimitives>noGeometry</S100FC:permittedPrimitives>
		</S100FC:S100_FC_FeatureType>


    <S100FC:S100_FC_FeatureType isAbstract="false">
      <S100FC:name>Normal Baseline</S100FC:name>
      <S100FC:definition>Normal Baseline</S100FC:definition>
      <S100FC:code>NormalBaseline</S100FC:code>
      <S100FC:superType>AbstractMaritimeLimitsAndBoundaries</S100FC:superType>
      <S100FC:featureUseType>geographic</S100FC:featureUseType>
      <S100FC:permittedPrimitives>point</S100FC:permittedPrimitives>
      <S100FC:permittedPrimitives>curve</S100FC:permittedPrimitives>
    </S100FC:S100_FC_FeatureType>


    <S100FC:S100_FC_FeatureType isAbstract="false">
      <S100FC:name>Straight Baseline</S100FC:name>
      <S100FC:definition>Straight Baseline</S100FC:definition>
      <S100FC:code>StraightBaseline</S100FC:code>
      <S100FC:superType>AbstractMaritimeLimitsAndBoundaries</S100FC:superType>
      <S100FC:featureUseType>geographic</S100FC:featureUseType>
      <S100FC:permittedPrimitives>point</S100FC:permittedPrimitives>
      <S100FC:permittedPrimitives>curve</S100FC:permittedPrimitives>
    </S100FC:S100_FC_FeatureType>

    <S100FC:S100_FC_FeatureType isAbstract="false">
      <S100FC:name>Territorial Sea</S100FC:name>
      <S100FC:definition>Territorial Sea</S100FC:definition>
      <S100FC:code>TerritorialSea</S100FC:code>
      <S100FC:superType>AbstractMaritimeLimitsAndBoundaries</S100FC:superType>
      <S100FC:featureUseType>geographic</S100FC:featureUseType>
      <S100FC:permittedPrimitives>point</S100FC:permittedPrimitives>
      <S100FC:permittedPrimitives>curve</S100FC:permittedPrimitives>
      <S100FC:permittedPrimitives>surface</S100FC:permittedPrimitives>
    </S100FC:S100_FC_FeatureType>

    <S100FC:S100_FC_FeatureType isAbstract="false">
      <S100FC:name>Contiguous Zone</S100FC:name>
      <S100FC:definition>Contiguous Zone</S100FC:definition>
      <S100FC:code>ContiguousZone</S100FC:code>
      <S100FC:superType>AbstractMaritimeLimitsAndBoundaries</S100FC:superType>
      <S100FC:featureUseType>geographic</S100FC:featureUseType>
      <S100FC:permittedPrimitives>point</S100FC:permittedPrimitives>
      <S100FC:permittedPrimitives>curve</S100FC:permittedPrimitives>
      <S100FC:permittedPrimitives>surface</S100FC:permittedPrimitives>
    </S100FC:S100_FC_FeatureType>

    <S100FC:S100_FC_FeatureType isAbstract="false">
      <S100FC:name>Exclusive Economic Zone</S100FC:name>
      <S100FC:definition>Exclusive Economic Zone</S100FC:definition>
      <S100FC:code>ExclusiveEconomicZone</S100FC:code>
      <S100FC:superType>AbstractMaritimeLimitsAndBoundaries</S100FC:superType>
      <S100FC:featureUseType>geographic</S100FC:featureUseType>
      <S100FC:permittedPrimitives>point</S100FC:permittedPrimitives>
      <S100FC:permittedPrimitives>curve</S100FC:permittedPrimitives>
      <S100FC:permittedPrimitives>surface</S100FC:permittedPrimitives>
    </S100FC:S100_FC_FeatureType>

    <S100FC:S100_FC_FeatureType isAbstract="false">
      <S100FC:name>Continental Shelf</S100FC:name>
      <S100FC:definition>Continental Shelf</S100FC:definition>
      <S100FC:code>ContinentalShelf</S100FC:code>
      <S100FC:superType>AbstractMaritimeLimitsAndBoundaries</S100FC:superType>
      <S100FC:featureUseType>geographic</S100FC:featureUseType>
      <S100FC:permittedPrimitives>point</S100FC:permittedPrimitives>
      <S100FC:permittedPrimitives>curve</S100FC:permittedPrimitives>
      <S100FC:permittedPrimitives>surface</S100FC:permittedPrimitives>
    </S100FC:S100_FC_FeatureType>

    <S100FC:S100_FC_FeatureType isAbstract="false">
      <S100FC:name>Internal Water</S100FC:name>
      <S100FC:definition>Internal Water</S100FC:definition>
      <S100FC:code>InternalWater</S100FC:code>
      <S100FC:superType>AbstractMaritimeLimitsAndBoundaries</S100FC:superType>
      <S100FC:featureUseType>geographic</S100FC:featureUseType>
      <S100FC:permittedPrimitives>point</S100FC:permittedPrimitives>
      <S100FC:permittedPrimitives>curve</S100FC:permittedPrimitives>
      <S100FC:permittedPrimitives>surface</S100FC:permittedPrimitives>
    </S100FC:S100_FC_FeatureType>

    <S100FC:S100_FC_FeatureType isAbstract="false">
      <S100FC:name>International Boundary</S100FC:name>
      <S100FC:definition>International Boundary</S100FC:definition>
      <S100FC:code>InternationalBoundary</S100FC:code>
      <S100FC:superType>AbstractMaritimeLimitsAndBoundaries</S100FC:superType>
      <S100FC:featureUseType>geographic</S100FC:featureUseType>
      <S100FC:permittedPrimitives>point</S100FC:permittedPrimitives>
      <S100FC:permittedPrimitives>curve</S100FC:permittedPrimitives>
    </S100FC:S100_FC_FeatureType>

    <S100FC:S100_FC_FeatureType isAbstract="false">
      <S100FC:name>Joint Management Zone</S100FC:name>
      <S100FC:definition>Joint Management Zone</S100FC:definition>
      <S100FC:code>JointManagementZone</S100FC:code>
      <S100FC:superType>AbstractMaritimeLimitsAndBoundaries</S100FC:superType>
      <S100FC:featureUseType>geographic</S100FC:featureUseType>
      <S100FC:permittedPrimitives>point</S100FC:permittedPrimitives>
      <S100FC:permittedPrimitives>curve</S100FC:permittedPrimitives>
      <S100FC:permittedPrimitives>surface</S100FC:permittedPrimitives>
    </S100FC:S100_FC_FeatureType>

  </S100FC:S100_FC_FeatureTypes>
</S100FC:S100_FC_FeatureCatalogue>
