<?xml version="1.0" encoding="utf-8"?>
<S100FC:S100_FC_FeatureCatalogue xmlns:S100FC="http://www.iho.int/S100FC" xmlns:S100Base="http://www.iho.int/S100Base" xmlns:S100CI="http://www.iho.int/S100CI" xmlns:xlink="http://www.w3.org/1999/xlink" xmlns:S100FD="http://www.iho.int/S100FD" xmlns:xsi="http://www.w3.org/2001/XMLSchema-instance" xsi:schemaLocation="http://www.iho.int/S100FC S100FC.xsd">
  <S100FC:name>S-999</S100FC:name>
  <S100FC:scope>S-999 User Define Feature</S100FC:scope>
  <S100FC:versionNumber>1.0</S100FC:versionNumber>
  <S100FC:versionDate>2021-06-17</S100FC:versionDate>
  <S100FC:productId>S-999</S100FC:productId>
  <S100FC:producer>
    <S100CI:role>pointOfContact</S100CI:role>
    <S100CI:party>
      <S100CI:CI_Organisation>
        <S100CI:name>KRISO</S100CI:name>
        <S100CI:contactInfo>
          <S100CI:address>
            <S100CI:administrativeArea>Daejeon</S100CI:administrativeArea>
            <S100CI:country>Korea</S100CI:country>
            <S100CI:electronicMailAddress>dwkang@kriso.re.kr</S100CI:electronicMailAddress>
          </S100CI:address>
          <S100CI:onlineResource>
            <S100CI:linkage>www.kriso.re.kr</S100CI:linkage>
          </S100CI:onlineResource>
        </S100CI:contactInfo>
      </S100CI:CI_Organisation>
    </S100CI:party>
  </S100FC:producer>
  <S100FC:S100_FC_SimpleAttributes>
  </S100FC:S100_FC_SimpleAttributes>
  <S100FC:S100_FC_ComplexAttributes>
  </S100FC:S100_FC_ComplexAttributes>
  <S100FC:S100_FC_Roles>
  </S100FC:S100_FC_Roles>
  <S100FC:S100_FC_InformationAssociations>
  </S100FC:S100_FC_InformationAssociations>
  <S100FC:S100_FC_FeatureAssociations>
  </S100FC:S100_FC_FeatureAssociations>
  <S100FC:S100_FC_InformationTypes>
  </S100FC:S100_FC_InformationTypes>
  <S100FC:S100_FC_FeatureTypes>
    <S100FC:S100_FC_FeatureType isAbstract="false">
      <S100FC:name>Text for Uesr Define Feature</S100FC:name>
      <S100FC:definition></S100FC:definition>
      <S100FC:code>UesrDefineFeatureText</S100FC:code>
      <S100FC:permittedPrimitives>point</S100FC:permittedPrimitives>
    </S100FC:S100_FC_FeatureType>
    <S100FC:S100_FC_FeatureType isAbstract="false">
      <S100FC:name>Point for Uesr Define Feature</S100FC:name>
      <S100FC:definition></S100FC:definition>
      <S100FC:code>UesrDefineFeaturePoint</S100FC:code>
      <S100FC:permittedPrimitives>point</S100FC:permittedPrimitives>
    </S100FC:S100_FC_FeatureType>
    <S100FC:S100_FC_FeatureType isAbstract="false">
      <S100FC:name>Line for Uesr Define Feature</S100FC:name>
      <S100FC:definition></S100FC:definition>
      <S100FC:code>UesrDefineFeatureLine</S100FC:code>
      <S100FC:permittedPrimitives>curve</S100FC:permittedPrimitives>
    </S100FC:S100_FC_FeatureType>
    <S100FC:S100_FC_FeatureType isAbstract="false">
      <S100FC:name>Area for Uesr Define Feature</S100FC:name>
      <S100FC:definition></S100FC:definition>
      <S100FC:code>UesrDefineFeatureArea</S100FC:code>
      <S100FC:permittedPrimitives>surface</S100FC:permittedPrimitives>
    </S100FC:S100_FC_FeatureType>
  </S100FC:S100_FC_FeatureTypes>
</S100FC:S100_FC_FeatureCatalogue>
