<?xml version="1.0" encoding="utf-8"?>
<?S100lineage source="S52Preslib4.0" format="S100Ed2" version="0.1" creationDate="2015-03-13"?>
<?S100Meta name="CHRVID02" exposition="This object has been inserted or modified by an automatic update"?>
<ls:lineStyle xmlns:ls="http://www.iho.int/S100LineStyle/5.2">
   <intervalLength>11.4</intervalLength>
   <pen width="0.96">
      <color>CHCOR</color>
   </pen>
   <symbol reference="EMCHRV01">
      <position>7</position>
   </symbol>
</ls:lineStyle>
