<?xml version="1.0" encoding="utf-8"?>

<?S100lineage source="S52Preslib4.0" format="S100Ed2" version="0.1" creationDate="2022-09-01"?>
<?S100Meta name="INFARE51" exposition="curve or boundary of information area"?>
<ls:lineStyle xmlns:ls="http://www.iho.int/S100LineStyle/5.2">
   <intervalLength>32.3</intervalLength>
   <pen width="0.32">
      <color>CHMGF</color>
   </pen>
   <dash>
      <start>2</start>
      <length>6</length>
   </dash>
   <dash>
      <start>18.2</start>
      <length>6</length>
   </dash>
   <dash>
      <start>26.2</start>
      <length>6</length>
   </dash>
   <symbol reference="INFARE01">
      <position>13.1</position>
   </symbol>
</ls:lineStyle>
