<?xml version="1.0" encoding="utf-8"?>
<?S100lineage source="S52Preslib4.0" format="S100Ed2" version="0.1" creationDate="2015-03-13"?>
<?S100Meta name="LOWACC21" exposition="coastline or shoreline construction of low accuracy in position"?>
<ls:lineStyle xmlns:ls="http://www.iho.int/S100LineStyle/5.2">
   <intervalLength>3</intervalLength>
   <pen width="0.32">
      <color>CSTLN</color>
   </pen>
   <symbol reference="EMLOWAC21">
      <position>2.36</position>
   </symbol>
</ls:lineStyle>
