<?xml version="1.0" encoding="utf-8"?>
<?S100lineage source="S52Preslib4.0" format="S100Ed2" version="0.1" creationDate="2015-03-16"?>
<?S100Meta name="NONHODAT" exposition="boundary of non-HO data"?>
<ls:lineStyle xmlns:ls="http://www.iho.int/S100LineStyle/5.2">
   <intervalLength>6</intervalLength>
   <pen width="0.32">
      <color>NINFO</color>
   </pen>
   <dash>
      <start>0</start>
      <length>6</length>
   </dash>
   <symbol reference="EMNOHO01">
      <position>3</position>
   </symbol>
</ls:lineStyle>
