<?xml version="1.0" encoding="utf-8"?>

<?S100lineage source="S52Preslib4.0" format="S100Ed2" version="0.1" creationDate="2015-03-13"?>
<?S100Meta name="PIPSOL05" exposition="oil, gas pipeline, submerged or on land"?>
<ls:lineStyle xmlns:ls="http://www.iho.int/S100LineStyle/5.2">
   <intervalLength>9.5</intervalLength>
   <pen width="0.32">
      <color>CHMGD</color>
   </pen>
   <dash>
      <start>3.6</start>
      <length>4</length>
   </dash>
   <symbol reference="EMPIPSL1">
      <position>7.6</position>
   </symbol>
</ls:lineStyle>
