<?xml version="1.0" encoding="utf-8"?>

<?S100lineage source="S52Preslib4.0" format="S100Ed2" version="0.1" creationDate="2015-03-13"?>
<?S100Meta name="RECTRC10" exposition="non-regulated recommended two-way track, based on fixed-marks"?>
<ls:lineStyle xmlns:ls="http://www.iho.int/S100LineStyle/5.2">
   <intervalLength>17.6</intervalLength>
   <pen width="0.32">
      <color>CHGRD</color>
   </pen>
   <dash>
      <start>0.3</start>
      <length>20.6</length>
   </dash>
   <symbol reference="EMRECTR1">
      <position>6.3</position>
   </symbol>
   <symbol reference="EMRECTR2">
      <position>11.7</position>
   </symbol>
</ls:lineStyle>
