<?xml version="1.0" encoding="utf-8"?>

<?S100lineage source="S52Preslib4.0" format="S100Ed2" version="0.1" creationDate="2015-03-13"?>
<?S100Meta name="RESARE51" exposition="boundary of a restricted area"?>
<ls:lineStyle xmlns:ls="http://www.iho.int/S100LineStyle/5.2">
   <intervalLength>5.1</intervalLength>
   <pen width="0.64">
      <color>CHMGD</color>
   </pen>
   <dash>
      <start>2</start>
      <length>3</length>
   </dash>
   <symbol reference="EMRESAR1">
      <position>3.5</position>
   </symbol>
</ls:lineStyle>
