<?xml version="1.0" encoding="ISO-8859-1" standalone="no"?>
<?S100lineage source="S52Preslib4.0" format="S100Ed2" version="0.1" creationDate="2015 - 03 - 13"?>
<?S100Meta name="USRPNT02" exposition="user defined line"?>
<lineStyle offset="0">
  <intervalLength>18.184</intervalLength>
  <pen width="0.64">
    <color>00011</color>
  </pen>
  <dash>
    <start>0</start>
    <length>3.6</length>
  </dash>
  <dash>
    <start>5.4</start>
    <length>3.6</length>
  </dash>
  <dash>
    <start>10.8</start>
    <length>3.6</length>
  </dash>
  <dash>
    <start>16.2</start>
    <length>3.6</length>
  </dash>
  <symbol reference="USRPNT02">
    <position>1.8</position>
  </symbol>
  <symbol reference="USRPNT02">
    <position>7.2</position>
  </symbol>
  <symbol reference="USRPNT02">
    <position>11.6</position>
  </symbol>
  <symbol reference="USRPNT02">
    <position>17.8</position>
  </symbol>
</lineStyle>