<?xml version="1.0" encoding="ISO-8859-1"?>

<pc:portrayalCatalog xmlns:pc="http://www.iho.int/S100PortrayalCatalog/5.2" xmlns:xsl="http://www.w3.org/2001/XMLSchema" productId="S-102" version="3.0.0">
  <pixmaps/>
  <colorProfiles>
      <colorProfile id="1">
         <description>
            <name>Color Profile</name>
            <description>Color profile with day, dusk, and night color palettes</description>
            <language>eng</language>
         </description>
         <fileName>colorProfile.xml</fileName>
         <fileType>ColorProfile</fileType>
         <fileFormat>XML</fileFormat>
      </colorProfile>
  </colorProfiles>
  <symbols/>
  <styleSheets/>
  <lineStyles/>
  <areaFills/>
  <fonts/>
  <viewingGroups>
	<viewingGroup id="13030">
         <description>
            <name>depth area (DEPARE), dredged area (DRGARE)</name>
            <description>Base: H, I - Hydrography</description>
            <language>eng</language>
         </description>
	</viewingGroup>
  </viewingGroups>
  <foundationMode>
	<viewingGroup>13030</viewingGroup>
  </foundationMode>
  <viewingGroupLayers>
      <viewingGroupLayer id="1">
         <description>
            <name>Display Base</name>
            <description>Base Display elements</description>
            <language>eng</language>
         </description>
         <viewingGroup>13030</viewingGroup>
	 </viewingGroupLayer>
  </viewingGroupLayers>
  <displayModes>
      <displayMode id="DisplayBase">
         <description>
            <name>Display Base</name>
            <description>Always on display</description>
            <language>eng</language>
         </description>
		 <viewingGroupLayer>1</viewingGroupLayer>
      </displayMode>
      <displayMode id="StandardDisplay">
         <description>
            <name>Standard Display</name>
            <description>ECDIS default display</description>
            <language>eng</language>
         </description>
		 <viewingGroupLayer>1</viewingGroupLayer>
	 </displayMode>
	 <displayMode id="OtherInformation">
         <description>
            <name>Other Information</name>
            <description>All other objects in the SENC</description>
            <language>eng</language>
         </description>
         <viewingGroupLayer>1</viewingGroupLayer>
      </displayMode>
  </displayModes>
  <displayPlanes>
      <displayPlane id="UnderRadar" order="-1">
         <description>
            <name>Under radar</name>
            <description>Content displayed underneath Radar image</description>
            <language>eng</language>
         </description>
      </displayPlane>
  </displayPlanes>
  <context>
      <parameter id="FourShades">
         <description>
            <name>Four shades</name>
            <description>Show depth areas using four colours</description>
            <language>eng</language>
         </description>
         <type>Boolean</type>
         <default>false</default>
      </parameter>
      <parameter id="SafetyContour">
         <description>
            <name>Safety contour</name>
            <description>Selected safety contour</description>
            <language>eng</language>
         </description>
         <type>Double</type>
         <default>30</default>
      </parameter>
      <parameter id="ShallowContour" enable="//FourShades[1]='true' or //FourShades[1]='1'">
         <description>
            <name>Shallow contour</name>
            <description>Selected shallow water contour</description>
            <language>eng</language>
         </description>
         <type>Double</type>
         <default>2</default>
		 <validate>
			<xpath>//ShallowContour &lt;= //SafetyContour</xpath>
			<errorMessage>
				<text>Must be &lt;= safety contour value</text>
			</errorMessage>
         </validate>
      </parameter>
      <parameter id="DeepContour" enable="//FourShades[1]='true' or //FourShades[1]='1'">
         <description>
            <name>Deep contour</name>
            <description>Selected deep water contour</description>
            <language>eng</language>
         </description>
         <type>Double</type>
         <default>30</default>
		 <validate>
			<xpath>//DeepContour >= //SafetyContour</xpath>
			<errorMessage>
				<text>Must be >= safety contour value</text>
			</errorMessage>
         </validate>
      </parameter>
  </context>
  <rules>
      <ruleFile id="main">
         <description>
            <name>main</name>
            <description>Top level rule</description>
            <language>eng</language>
         </description>
         <fileName>main.lua</fileName>
         <fileType>Rule</fileType>
         <fileFormat>LUA</fileFormat>
         <ruleType>TopLevelTemplate</ruleType>
      </ruleFile>
      <ruleFile id="S100Scripting">
         <description>
            <name>S100Scripting</name>
            <description>Scripting support</description>
            <language>eng</language>
         </description>
         <fileName>S100Scripting.lua</fileName>
         <fileType>Rule</fileType>
         <fileFormat>LUA</fileFormat>
         <ruleType>SubTemplate</ruleType>
      </ruleFile>
      <ruleFile id="PortrayalAPI">
         <description>
            <name>PortrayalAPI</name>
            <description>Portrayal API</description>
            <language>eng</language>
         </description>
         <fileName>PortrayalAPI.lua</fileName>
         <fileType>Rule</fileType>
         <fileFormat>LUA</fileFormat>
         <ruleType>SubTemplate</ruleType>
      </ruleFile>
      <ruleFile id="PortrayalModel">
         <description>
            <name>PortrayalModel</name>
            <description>Portrayal Model</description>
            <language>eng</language>
         </description>
         <fileName>PortrayalModel.lua</fileName>
         <fileType>Rule</fileType>
         <fileFormat>LUA</fileFormat>
         <ruleType>SubTemplate</ruleType>
      </ruleFile>
	<ruleFile id="BathymetryCoverage">
		<description>
            <name>Bathymetry Coverage</name>
            <description>Rules for feature type BathymetryCoverage</description>
            <language>eng</language>
        </description>
        <fileName>BathymetryCoverage.lua</fileName>
        <fileType>Rule</fileType>
        <fileFormat>LUA</fileFormat>
        <ruleType>SubTemplate</ruleType>
    </ruleFile>	
	<ruleFile id="QualityOfBathymetryCoverage">
		<description>
            <name>Quality of Bathymetry Coverage</name>
            <description>Rules for feature type QualityOfBathymetryCoverage</description>
            <language>eng</language>
        </description>
        <fileName>QualityOfBathymetryCoverage.lua</fileName>
        <fileType>Rule</fileType>
        <fileFormat>LUA</fileFormat>
        <ruleType>SubTemplate</ruleType>
    </ruleFile>	    
  </rules>
</pc:portrayalCatalog>